[
  {
    "model": "ccserver.tag",
    "pk": 1,
    "fields": {
      "tag_name": "climate policy"
    }
  },
  {
    "model": "ccserver.tag",
    "pk": 2,
    "fields": {
      "tag_name": "education policy"
    }
  },
  {
    "model": "ccserver.tag",
    "pk": 3,
    "fields": {
      "tag_name": "crime policy"
    }
  },
  {
    "model": "ccserver.tag",
    "pk": 4,
    "fields": {
      "tag_name": "housing policy"
    }
  },
  {
    "model": "ccserver.tag",
    "pk": 5,
    "fields": {
      "tag_name": "urban policy"
    }
  },
  {
    "model": "ccserver.tag",
    "pk": 6,
    "fields": {
      "tag_name": "energy policy"
    }
  },
  {
    "model": "ccserver.tag",
    "pk": 7,
    "fields": {
      "tag_name": "health policy"
    }
  },
  {
    "model": "ccserver.tag",
    "pk": 8,
    "fields": {
      "tag_name": "economic policy"
    }
  },
  {
    "model": "ccserver.tag",
    "pk": 9,
    "fields": {
      "tag_name": "gender policy"
    }
  },
  {
    "model": "ccserver.tag",
    "pk": 10,
    "fields": {
      "tag_name": "environmental policy"
    }
  },
  {
    "model": "ccserver.tag",
    "pk": 11,
    "fields": {
      "tag_name": "water policy"
    }
  },
  {
    "model": "ccserver.tag",
    "pk": 12,
    "fields": {
      "tag_name": "agricultural policy"
    }
  },
  {
    "model": "ccserver.tag",
    "pk": 13,
    "fields": {
      "tag_name": "conservation policy"
    }
  },
  {
    "model": "ccserver.tag",
    "pk": 14,
    "fields": {
      "tag_name": "science and technology policy"
    }
  },
  {
    "model": "ccserver.tag",
    "pk": 15,
    "fields": {
      "tag_name": "transportation policy"
    }
  },
  {
    "model": "ccserver.tag",
    "pk": 16,
    "fields": {
      "tag_name": "international development"
    }
  },
  {
    "model": "ccserver.tag",
    "pk": 17,
    "fields": {
      "tag_name": "government"
    }
  },
  {
    "model": "ccserver.tag",
    "pk": 18,
    "fields": {
      "tag_name": "political data"
    }
  },
  {
    "model": "ccserver.tag",
    "pk": 19,
    "fields": {
      "tag_name": "social justice"
    }
  },
  {
    "model": "ccserver.tag",
    "pk": 20,
    "fields": {
      "tag_name": "transparency"
    }
  },
  {
    "model": "ccserver.tag",
    "pk": 21,
    "fields": {
      "tag_name": "bias"
    }
  },
  {
    "model": "ccserver.tag",
    "pk": 22,
    "fields": {
      "tag_name": "civic engagement"
    }
  },
  {
    "model": "ccserver.tag",
    "pk": 23,
    "fields": {
      "tag_name": "accessibility"
    }
  },
  {
    "model": "ccserver.tag",
    "pk": 24,
    "fields": {
      "tag_name": "AI ethics"
    }
  },
  {
    "model": "ccserver.tag",
    "pk": 25,
    "fields": {
      "tag_name": "data privacy"
    }
  },
  {
    "model": "ccserver.tag",
    "pk": 26,
    "fields": {
      "tag_name": "civic tech"
    }
  },
  {
    "model": "ccserver.tag",
    "pk": 27,
    "fields": {
      "tag_name": "Python"
    }
  },
  {
    "model": "ccserver.tag",
    "pk": 28,
    "fields": {
      "tag_name": "R"
    }
  },
  {
    "model": "ccserver.tag",
    "pk": 29,
    "fields": {
      "tag_name": "Stata"
    }
  },
  {
    "model": "ccserver.tag",
    "pk": 30,
    "fields": {
      "tag_name": "JavaScript"
    }
  },
  {
    "model": "ccserver.tag",
    "pk": 31,
    "fields": {
      "tag_name": "Java"
    }
  },
  {
    "model": "ccserver.tag",
    "pk": 32,
    "fields": {
      "tag_name": "C"
    }
  },
  {
    "model": "ccserver.tag",
    "pk": 33,
    "fields": {
      "tag_name": "C++"
    }
  },
  {
    "model": "ccserver.tag",
    "pk": 34,
    "fields": {
      "tag_name": "C#"
    }
  },
  {
    "model": "ccserver.tag",
    "pk": 35,
    "fields": {
      "tag_name": "Go"
    }
  },
  {
    "model": "ccserver.tag",
    "pk": 36,
    "fields": {
      "tag_name": "Rust"
    }
  },
  {
    "model": "ccserver.tag",
    "pk": 37,
    "fields": {
      "tag_name": "Ruby"
    }
  },
  {
    "model": "ccserver.tag",
    "pk": 38,
    "fields": {
      "tag_name": "Swift"
    }
  },
  {
    "model": "ccserver.tag",
    "pk": 39,
    "fields": {
      "tag_name": "Kotlin"
    }
  },
  {
    "model": "ccserver.tag",
    "pk": 40,
    "fields": {
      "tag_name": "Scala"
    }
  },
  {
    "model": "ccserver.tag",
    "pk": 41,
    "fields": {
      "tag_name": "Perl"
    }
  },
  {
    "model": "ccserver.tag",
    "pk": 42,
    "fields": {
      "tag_name": "Haskell"
    }
  },
  {
    "model": "ccserver.tag",
    "pk": 43,
    "fields": {
      "tag_name": "Shell"
    }
  },
  {
    "model": "ccserver.tag",
    "pk": 44,
    "fields": {
      "tag_name": "Bash"
    }
  },
  {
    "model": "ccserver.tag",
    "pk": 45,
    "fields": {
      "tag_name": "PowerShell"
    }
  },
  {
    "model": "ccserver.tag",
    "pk": 46,
    "fields": {
      "tag_name": "Visual Basic"
    }
  },
  {
    "model": "ccserver.tag",
    "pk": 47,
    "fields": {
      "tag_name": "Assembly"
    }
  },
  {
    "model": "ccserver.tag",
    "pk": 48,
    "fields": {
      "tag_name": "MATLAB"
    }
  },
  {
    "model": "ccserver.tag",
    "pk": 49,
    "fields": {
      "tag_name": "Julia"
    }
  },
  {
    "model": "ccserver.tag",
    "pk": 50,
    "fields": {
      "tag_name": "SQL"
    }
  },
  {
    "model": "ccserver.tag",
    "pk": 51,
    "fields": {
      "tag_name": "machine learning"
    }
  },
  {
    "model": "ccserver.tag",
    "pk": 52,
    "fields": {
      "tag_name": "artificial intelligence"
    }
  },
  {
    "model": "ccserver.tag",
    "pk": 53,
    "fields": {
      "tag_name": "natural language processing"
    }
  },
  {
    "model": "ccserver.tag",
    "pk": 54,
    "fields": {
      "tag_name": "data science"
    }
  },
  {
    "model": "ccserver.tag",
    "pk": 55,
    "fields": {
      "tag_name": "data engineering"
    }
  },
  {
    "model": "ccserver.tag",
    "pk": 56,
    "fields": {
      "tag_name": "software engineering"
    }
  },
  {
    "model": "ccserver.tag",
    "pk": 57,
    "fields": {
      "tag_name": "software development"
    }
  },
  {
    "model": "ccserver.tag",
    "pk": 58,
    "fields": {
      "tag_name": "data architecture"
    }
  },
  {
    "model": "ccserver.tag",
    "pk": 59,
    "fields": {
      "tag_name": "analytics"
    }
  },
  {
    "model": "ccserver.tag",
    "pk": 60,
    "fields": {
      "tag_name": "statistics"
    }
  },
  {
    "model": "ccserver.tag",
    "pk": 61,
    "fields": {
      "tag_name": "GIS"
    }
  },
  {
    "model": "ccserver.tag",
    "pk": 62,
    "fields": {
      "tag_name": "big data"
    }
  },
  {
    "model": "ccserver.tag",
    "pk": 63,
    "fields": {
      "tag_name": "impact evaluation"
    }
  },
  {
    "model": "ccserver.tag",
    "pk": 64,
    "fields": {
      "tag_name": "algorithms"
    }
  },
  {
    "model": "ccserver.tag",
    "pk": 65,
    "fields": {
      "tag_name": "project management"
    }
  },
  {
    "model": "ccserver.tag",
    "pk": 66,
    "fields": {
      "tag_name": "product management"
    }
  },
  {
    "model": "ccserver.tag",
    "pk": 67,
    "fields": {
      "tag_name": "UI/UX"
    }
  },
  {
    "model": "ccserver.tag",
    "pk": 68,
    "fields": {
      "tag_name": "cloud computing"
    }
  },
  {
    "model": "ccserver.tag",
    "pk": 69,
    "fields": {
      "tag_name": "distributed systems"
    }
  },
  {
    "model": "ccserver.tag",
    "pk": 70,
    "fields": {
      "tag_name": "deep learning"
    }
  },
  {
    "model": "ccserver.tag",
    "pk": 71,
    "fields": {
      "tag_name": "computer vision"
    }
  },
  {
    "model": "ccserver.tag",
    "pk": 72,
    "fields": {
      "tag_name": "causal inference"
    }
  },
  {
    "model": "ccserver.tag",
    "pk": 73,
    "fields": {
      "tag_name": "data visualization"
    }
  },
  {
    "model": "ccserver.tag",
    "pk": 74,
    "fields": {
      "tag_name": "backend development"
    }
  },
  {
    "model": "ccserver.tag",
    "pk": 75,
    "fields": {
      "tag_name": "frontend development"
    }
  },
  {
    "model": "ccserver.tag",
    "pk": 76,
    "fields": {
      "tag_name": "mobile development"
    }
  },
  {
    "model": "ccserver.tag",
    "pk": 77,
    "fields": {
      "tag_name": "full-stack development"
    }
  },
  {
    "model": "ccserver.tag",
    "pk": 78,
    "fields": {
      "tag_name": "systems programming"
    }
  },
  {
    "model": "ccserver.tag",
    "pk": 79,
    "fields": {
      "tag_name": "API design"
    }
  },
  {
    "model": "ccserver.tag",
    "pk": 80,
    "fields": {
      "tag_name": "quality assurance"
    }
  },
  {
    "model": "ccserver.tag",
    "pk": 81,
    "fields": {
      "tag_name": "cybersecurity"
    }
  },
  {
    "model": "ccserver.tag",
    "pk": 82,
    "fields": {
      "tag_name": "Django"
    }
  },
  {
    "model": "ccserver.tag",
    "pk": 83,
    "fields": {
      "tag_name": "Flask"
    }
  },
  {
    "model": "ccserver.tag",
    "pk": 84,
    "fields": {
      "tag_name": "React"
    }
  },
  {
    "model": "ccserver.tag",
    "pk": 85,
    "fields": {
      "tag_name": "Vue.js"
    }
  },
  {
    "model": "ccserver.tag",
    "pk": 86,
    "fields": {
      "tag_name": "Next.js"
    }
  },
  {
    "model": "ccserver.tag",
    "pk": 87,
    "fields": {
      "tag_name": "Node.js"
    }
  },
  {
    "model": "ccserver.tag",
    "pk": 88,
    "fields": {
      "tag_name": "Spring Boot"
    }
  },
  {
    "model": "ccserver.tag",
    "pk": 89,
    "fields": {
      "tag_name": ".NET"
    }
  },
  {
    "model": "ccserver.tag",
    "pk": 90,
    "fields": {
      "tag_name": "TensorFlow"
    }
  },
  {
    "model": "ccserver.tag",
    "pk": 91,
    "fields": {
      "tag_name": "PyTorch"
    }
  },
  {
    "model": "ccserver.tag",
    "pk": 92,
    "fields": {
      "tag_name": "Hadoop"
    }
  },
  {
    "model": "ccserver.tag",
    "pk": 93,
    "fields": {
      "tag_name": "Spark"
    }
  },
  {
    "model": "ccserver.tag",
    "pk": 94,
    "fields": {
      "tag_name": "agile"
    }
  },
  {
    "model": "ccserver.tag",
    "pk": 95,
    "fields": {
      "tag_name": "human-centered design"
    }
  },
  {
    "model": "ccserver.tag",
    "pk": 96,
    "fields": {
      "tag_name": "coursework"
    }
  },
  {
    "model": "ccserver.tag",
    "pk": 97,
    "fields": {
      "tag_name": "tutorial"
    }
  },
  {
    "model": "ccserver.tag",
    "pk": 98,
    "fields": {
      "tag_name": "startup"
    }
  },
  {
    "model": "ccserver.tag",
    "pk": 99,
    "fields": {
      "tag_name": "full-time"
    }
  },
  {
    "model": "ccserver.tag",
    "pk": 100,
    "fields": {
      "tag_name": "part-time"
    }
  },
  {
    "model": "ccserver.tag",
    "pk": 101,
    "fields": {
      "tag_name": "internship"
    }
  },
  {
    "model": "ccserver.tag",
    "pk": 102,
    "fields": {
      "tag_name": "fellowship"
    }
  },
  {
    "model": "auth.user",
    "pk": 1,
    "fields": {
      "username": "cristianvargas",
      "email": "glenpetty@moore.net",
      "password": "pbkdf2_sha256$...",
      "is_active": true,
      "is_staff": false,
      "is_superuser": false
    }
  },
  {
    "model": "auth.user",
    "pk": 2,
    "fields": {
      "username": "alison86",
      "email": "ddavidson@johnson.org",
      "password": "pbkdf2_sha256$...",
      "is_active": true,
      "is_staff": false,
      "is_superuser": false
    }
  },
  {
    "model": "auth.user",
    "pk": 3,
    "fields": {
      "username": "robert61",
      "email": "hsteele@campbell.info",
      "password": "pbkdf2_sha256$...",
      "is_active": true,
      "is_staff": false,
      "is_superuser": false
    }
  },
  {
    "model": "auth.user",
    "pk": 4,
    "fields": {
      "username": "robertsleah",
      "email": "alvarezdeborah@yahoo.com",
      "password": "pbkdf2_sha256$...",
      "is_active": true,
      "is_staff": false,
      "is_superuser": false
    }
  },
  {
    "model": "auth.user",
    "pk": 5,
    "fields": {
      "username": "mlewis",
      "email": "teresaroberts@yahoo.com",
      "password": "pbkdf2_sha256$...",
      "is_active": true,
      "is_staff": false,
      "is_superuser": false
    }
  },
  {
    "model": "auth.user",
    "pk": 6,
    "fields": {
      "username": "crawfordthomas",
      "email": "jeffrey24@gmail.com",
      "password": "pbkdf2_sha256$...",
      "is_active": true,
      "is_staff": false,
      "is_superuser": false
    }
  },
  {
    "model": "auth.user",
    "pk": 7,
    "fields": {
      "username": "kelly87",
      "email": "aoneill@bridges.com",
      "password": "pbkdf2_sha256$...",
      "is_active": true,
      "is_staff": false,
      "is_superuser": false
    }
  },
  {
    "model": "auth.user",
    "pk": 8,
    "fields": {
      "username": "jessica20",
      "email": "clintonflores@yahoo.com",
      "password": "pbkdf2_sha256$...",
      "is_active": true,
      "is_staff": false,
      "is_superuser": false
    }
  },
  {
    "model": "auth.user",
    "pk": 9,
    "fields": {
      "username": "harrellnicole",
      "email": "terrycarter@curtis.com",
      "password": "pbkdf2_sha256$...",
      "is_active": true,
      "is_staff": false,
      "is_superuser": false
    }
  },
  {
    "model": "auth.user",
    "pk": 10,
    "fields": {
      "username": "jennifer88",
      "email": "grahamjennifer@hotmail.com",
      "password": "pbkdf2_sha256$...",
      "is_active": true,
      "is_staff": false,
      "is_superuser": false
    }
  },
  {
    "model": "ccserver.profile",
    "pk": 1,
    "fields": {
      "user": 1,
      "slack_username": "jacob43",
      "linkedin_username": "hscott",
      "github_username": "bwade",
      "personal_site": "https://rodriguez.info/",
      "country": "Costa Rica",
      "state": "Maryland",
      "city": "West Carrie",
      "phone_number": "(508)658-8935",
      "photo_url": "https://www.lorempixel.com/202/1022",
      "employment_status": "Hiring",
      "job_title": "Field seismologist",
      "company": "Andersen, Cooper and Smith",
      "bio": "Hard parent teach political. Party animal over name hair.\nAuthority industry life.\nCommon half contain plan special car better. Idea else person wind today safe executive."
    }
  },
  {
    "model": "ccserver.profile",
    "pk": 2,
    "fields": {
      "user": 2,
      "slack_username": "wbishop",
      "linkedin_username": "richard65",
      "github_username": "kbrown",
      "personal_site": "https://mcintyre-sanders.com/",
      "country": "Madagascar",
      "state": "Delaware",
      "city": "West Samantha",
      "phone_number": "+1-561-263-4741x465",
      "photo_url": "https://www.lorempixel.com/8/251",
      "employment_status": "Hiring",
      "job_title": "Scientist, clinical (histocompatibility and immunogenetics)",
      "company": "Pearson, Mckinney and Vang",
      "bio": "Democratic course real actually. Hot according whom building operation authority guess. Long case move way place bag economic."
    }
  },
  {
    "model": "ccserver.profile",
    "pk": 3,
    "fields": {
      "user": 3,
      "slack_username": "sarah41",
      "linkedin_username": "sarawilliams",
      "github_username": "robertsanchez",
      "personal_site": "https://campbell.com/",
      "country": "Myanmar",
      "state": "Indiana",
      "city": "New Carolland",
      "phone_number": "(373)590-3336x4298",
      "photo_url": "https://dummyimage.com/637x399",
      "employment_status": "Hiring",
      "job_title": "Market researcher",
      "company": "Cross-Spencer",
      "bio": "Stock building mind girl then chance religious. East brother throw serve. Staff fund both.\nWorld low end require so. Practice century local concern mouth."
    }
  },
  {
    "model": "ccserver.profile",
    "pk": 4,
    "fields": {
      "user": 4,
      "slack_username": "morrismelissa",
      "linkedin_username": "josephhowell",
      "github_username": "amberfloyd",
      "personal_site": "http://holmes.info/",
      "country": "Panama",
      "state": "Indiana",
      "city": "Oneillstad",
      "phone_number": "221.807.9237",
      "photo_url": "https://dummyimage.com/403x302",
      "employment_status": "Student",
      "job_title": "Arboriculturist",
      "company": "Cortez-Weaver",
      "bio": "Down government imagine. Goal within serve attack open teach manager.\nOn explain full matter system evening. Newspaper others speak common."
    }
  },
  {
    "model": "ccserver.profile",
    "pk": 5,
    "fields": {
      "user": 5,
      "slack_username": "shenderson",
      "linkedin_username": "amybrown",
      "github_username": "jesse63",
      "personal_site": "https://www.wilson-robinson.com/",
      "country": "Bangladesh",
      "state": "North Carolina",
      "city": "Bakerburgh",
      "phone_number": "001-002-827-1013x39587",
      "photo_url": "https://www.lorempixel.com/662/742",
      "employment_status": "Employed",
      "job_title": "Lexicographer",
      "company": "Clay Group",
      "bio": "Prove unit all whatever.\nKey both important tell collection. Professional light measure draw. Hope test public feel step worry two."
    }
  },
  {
    "model": "ccserver.profile",
    "pk": 6,
    "fields": {
      "user": 6,
      "slack_username": "ythompson",
      "linkedin_username": "fowlersharon",
      "github_username": "hlin",
      "personal_site": "https://www.bryant.com/",
      "country": "Bermuda",
      "state": "Montana",
      "city": "New Rachel",
      "phone_number": "+1-933-452-2458",
      "photo_url": "https://dummyimage.com/309x886",
      "employment_status": "Employed",
      "job_title": "Engineer, energy",
      "company": "Paul Ltd",
      "bio": "Suffer short race activity me require. Daughter their peace say dream eat. Over knowledge tree design home level."
    }
  },
  {
    "model": "ccserver.profile",
    "pk": 7,
    "fields": {
      "user": 7,
      "slack_username": "conradrobert",
      "linkedin_username": "robertsangela",
      "github_username": "johnsonerik",
      "personal_site": "https://silva.com/",
      "country": "Denmark",
      "state": "North Dakota",
      "city": "Anthonyview",
      "phone_number": "832.779.7187x658",
      "photo_url": "https://www.lorempixel.com/696/412",
      "employment_status": "Searching",
      "job_title": "Engineer, petroleum",
      "company": "Cross, Moore and Johnson",
      "bio": "Weight take section move.\nMarriage challenge Democrat push. Ten wall event answer adult ago degree. Father five dream end report."
    }
  },
  {
    "model": "ccserver.profile",
    "pk": 8,
    "fields": {
      "user": 8,
      "slack_username": "hmendoza",
      "linkedin_username": "lowerychristopher",
      "github_username": "scott47",
      "personal_site": "https://brooks.com/",
      "country": "Croatia",
      "state": "Vermont",
      "city": "Port Jamesburgh",
      "phone_number": "+1-921-320-9234",
      "photo_url": "https://placekitten.com/792/348",
      "employment_status": "Employed",
      "job_title": "Chartered legal executive (England and Wales)",
      "company": "Jensen-Booker",
      "bio": "Bring whose here better. Different hundred daughter ground.\nNot worry cost another. Performance painting whatever hear."
    }
  },
  {
    "model": "ccserver.profile",
    "pk": 9,
    "fields": {
      "user": 9,
      "slack_username": "astout",
      "linkedin_username": "carlosthomas",
      "github_username": "bdavis",
      "personal_site": "https://www.singh.info/",
      "country": "Chile",
      "state": "Arizona",
      "city": "Michaelburgh",
      "phone_number": "041.857.0838",
      "photo_url": "https://placeimg.com/345/193/any",
      "employment_status": "Student",
      "job_title": "Producer, television/film/video",
      "company": "Perry, Meyers and Rice",
      "bio": "Money service produce close. Account agreement society organization. Above I act listen.\nPresent card thousand mean. Spend away through body.\nGet particular physical individual raise actually radio."
    }
  },
  {
    "model": "ccserver.profile",
    "pk": 10,
    "fields": {
      "user": 10,
      "slack_username": "patriciashah",
      "linkedin_username": "jenniferlam",
      "github_username": "jasonford",
      "personal_site": "http://www.nelson-sherman.net/",
      "country": "Saint Martin",
      "state": "Maryland",
      "city": "East Kathleenview",
      "phone_number": "045-969-9911x811",
      "photo_url": "https://dummyimage.com/248x368",
      "employment_status": "Employed",
      "job_title": "Development worker, community",
      "company": "Young, Reese and Gibson",
      "bio": "Food bit fight for section enjoy purpose. Hit weight who carry. Call one window item age.\nInclude office see foreign parent begin. Time tend leg source. Would describe draw old."
    }
  },
  {
    "model": "ccserver.profiletag",
    "pk": null,
    "fields": {
      "profile": 1,
      "tag": 40
    }
  },
  {
    "model": "ccserver.profiletag",
    "pk": null,
    "fields": {
      "profile": 1,
      "tag": 97
    }
  },
  {
    "model": "ccserver.profiletag",
    "pk": null,
    "fields": {
      "profile": 1,
      "tag": 43
    }
  },
  {
    "model": "ccserver.profiletag",
    "pk": null,
    "fields": {
      "profile": 2,
      "tag": 17
    }
  },
  {
    "model": "ccserver.profiletag",
    "pk": null,
    "fields": {
      "profile": 3,
      "tag": 52
    }
  },
  {
    "model": "ccserver.profiletag",
    "pk": null,
    "fields": {
      "profile": 3,
      "tag": 98
    }
  },
  {
    "model": "ccserver.profiletag",
    "pk": null,
    "fields": {
      "profile": 4,
      "tag": 47
    }
  },
  {
    "model": "ccserver.profiletag",
    "pk": null,
    "fields": {
      "profile": 4,
      "tag": 60
    }
  },
  {
    "model": "ccserver.profiletag",
    "pk": null,
    "fields": {
      "profile": 4,
      "tag": 25
    }
  },
  {
    "model": "ccserver.profiletag",
    "pk": null,
    "fields": {
      "profile": 5,
      "tag": 16
    }
  },
  {
    "model": "ccserver.profiletag",
    "pk": null,
    "fields": {
      "profile": 5,
      "tag": 19
    }
  },
  {
    "model": "ccserver.profiletag",
    "pk": null,
    "fields": {
      "profile": 5,
      "tag": 65
    }
  },
  {
    "model": "ccserver.profiletag",
    "pk": null,
    "fields": {
      "profile": 6,
      "tag": 10
    }
  },
  {
    "model": "ccserver.profiletag",
    "pk": null,
    "fields": {
      "profile": 7,
      "tag": 20
    }
  },
  {
    "model": "ccserver.profiletag",
    "pk": null,
    "fields": {
      "profile": 7,
      "tag": 48
    }
  },
  {
    "model": "ccserver.profiletag",
    "pk": null,
    "fields": {
      "profile": 7,
      "tag": 69
    }
  },
  {
    "model": "ccserver.profiletag",
    "pk": null,
    "fields": {
      "profile": 8,
      "tag": 45
    }
  },
  {
    "model": "ccserver.profiletag",
    "pk": null,
    "fields": {
      "profile": 9,
      "tag": 47
    }
  },
  {
    "model": "ccserver.profiletag",
    "pk": null,
    "fields": {
      "profile": 10,
      "tag": 72
    }
  },
  {
    "model": "ccserver.profiletag",
    "pk": null,
    "fields": {
      "profile": 10,
      "tag": 70
    }
  },
  {
    "model": "ccserver.profiletag",
    "pk": null,
    "fields": {
      "profile": 10,
      "tag": 45
    }
  },
  {
    "model": "ccserver.post",
    "pk": 1,
    "fields": {
      "user": 6,
      "title": "Matter huge wear single people indicate.",
      "description": "The Urban Institute is hiring a Machine Learning Research Associate.",
      "post_type": "Project",
      "created_at": "2025-03-30 17:00:32",
      "updated_at": "2025-05-16 16:59:14.076060",
      "links": "https://allen-salazar.org/",
      "start_time": "2025-05-29 16:59:14.076340",
      "location": "North Don",
      "source": "Slack"
    }
  },
  {
    "model": "ccserver.post",
    "pk": 2,
    "fields": {
      "user": 6,
      "title": "Stop base town.",
      "description": "Code for America is hiring a Senior Data Engineer.",
      "post_type": "Job",
      "created_at": "2025-01-02 15:54:50",
      "updated_at": "2025-05-16 16:59:14.076567",
      "links": "https://hoffman-flores.info/",
      "start_time": "2025-06-11 16:59:14.076829",
      "location": "Port Sarahfort",
      "source": "App"
    }
  },
  {
    "model": "ccserver.post",
    "pk": 3,
    "fields": {
      "user": 4,
      "title": "Behavior activity majority amount where.",
      "description": "Thinking about building a small web app for organizers that helps generate contact trees.",
      "post_type": "Event",
      "created_at": "2025-01-07 15:48:41",
      "updated_at": "2025-05-16 16:59:14.077094",
      "links": "http://walker.com/",
      "start_time": "2025-06-13 16:59:14.077539",
      "location": "North Josephburgh",
      "source": "App"
    }
  },
  {
    "model": "ccserver.post",
    "pk": 4,
    "fields": {
      "user": 2,
      "title": "Member financial record themselves end around.",
      "description": "Thinking about building a small web app for organizers that helps generate contact trees.",
      "post_type": "Resource",
      "created_at": "2025-03-16 10:52:29",
      "updated_at": "2025-05-16 16:59:14.077745",
      "links": "https://www.miller.com/",
      "start_time": "2025-06-04 16:59:14.077893",
      "location": "Stevensville",
      "source": "App"
    }
  },
  {
    "model": "ccserver.post",
    "pk": 5,
    "fields": {
      "user": 3,
      "title": "Hot mind other through here simply your.",
      "description": "Code for America is hiring a Senior Data Engineer.",
      "post_type": "Project",
      "created_at": "2025-04-09 15:46:07",
      "updated_at": "2025-05-16 16:59:14.078139",
      "links": "https://robinson.com/",
      "start_time": "2025-05-22 16:59:14.078295",
      "location": "Christopherville",
      "source": "App"
    }
  },
  {
    "model": "ccserver.posttag",
    "pk": null,
    "fields": {
      "post": 1,
      "tag": 62
    }
  },
  {
    "model": "ccserver.posttag",
    "pk": null,
    "fields": {
      "post": 2,
      "tag": 12
    }
  },
  {
    "model": "ccserver.posttag",
    "pk": null,
    "fields": {
      "post": 2,
      "tag": 56
    }
  },
  {
    "model": "ccserver.posttag",
    "pk": null,
    "fields": {
      "post": 3,
      "tag": 57
    }
  },
  {
    "model": "ccserver.posttag",
    "pk": null,
    "fields": {
      "post": 3,
      "tag": 43
    }
  },
  {
    "model": "ccserver.posttag",
    "pk": null,
    "fields": {
      "post": 4,
      "tag": 62
    }
  },
  {
    "model": "ccserver.posttag",
    "pk": null,
    "fields": {
      "post": 4,
      "tag": 20
    }
  },
  {
    "model": "ccserver.posttag",
    "pk": null,
    "fields": {
      "post": 5,
      "tag": 60
    }
  },
  {
    "model": "ccserver.comment",
    "pk": 1,
    "fields": {
      "user": 6,
      "post": 1,
      "comment_text": "War who rise similar defense.",
      "created_at": "2025-01-08 17:30:26"
    }
  },
  {
    "model": "ccserver.comment",
    "pk": 2,
    "fields": {
      "user": 8,
      "post": 1,
      "comment_text": "Security rule southern citizen study.",
      "created_at": "2025-01-15 20:55:54"
    }
  },
  {
    "model": "ccserver.comment",
    "pk": 3,
    "fields": {
      "user": 4,
      "post": 2,
      "comment_text": "Still never team.",
      "created_at": "2025-03-17 14:42:33"
    }
  },
  {
    "model": "ccserver.comment",
    "pk": 4,
    "fields": {
      "user": 3,
      "post": 2,
      "comment_text": "Answer exactly return almost your only he.",
      "created_at": "2025-03-24 10:08:26"
    }
  },
  {
    "model": "ccserver.comment",
    "pk": 5,
    "fields": {
      "user": 6,
      "post": 3,
      "comment_text": "There expect between catch alone.",
      "created_at": "2025-03-27 18:18:52"
    }
  },
  {
    "model": "ccserver.comment",
    "pk": 6,
    "fields": {
      "user": 4,
      "post": 4,
      "comment_text": "Blood although face quality personal speech owner.",
      "created_at": "2025-04-24 09:11:41"
    }
  },
  {
    "model": "ccserver.comment",
    "pk": 7,
    "fields": {
      "user": 1,
      "post": 5,
      "comment_text": "Participant which discuss total south purpose something eat.",
      "created_at": "2025-04-23 06:17:10"
    }
  },
  {
    "model": "ccserver.comment",
    "pk": 8,
    "fields": {
      "user": 10,
      "post": 5,
      "comment_text": "Represent site you site.",
      "created_at": "2025-01-25 22:16:51"
    }
  },
  {
    "model": "ccserver.resource",
    "pk": 1,
    "fields": {
      "title": "Assimilated actuating projection",
      "description": "Information bed plan name land. Avoid best east.",
      "created_at": "2025-01-28 05:14:50",
      "updated_at": "2025-05-16 16:59:14.079355",
      "links": "https://www.wilson.info/"
    }
  },
  {
    "model": "ccserver.resource",
    "pk": 2,
    "fields": {
      "title": "Innovative uniform info-mediaries",
      "description": "Challenge both certainly team start require defense. Certainly someone so they mission kitchen. Light daughter meeting truth business.",
      "created_at": "2025-05-02 21:36:22",
      "updated_at": "2025-05-16 16:59:14.079632",
      "links": "https://harrison.com/"
    }
  },
  {
    "model": "ccserver.resource",
    "pk": 3,
    "fields": {
      "title": "Streamlined zero administration capacity",
      "description": "Community go Mr threat population local drop.",
      "created_at": "2025-03-07 21:30:37",
      "updated_at": "2025-05-16 16:59:14.079878",
      "links": "https://www.harris.com/"
    }
  },
  {
    "model": "ccserver.resourcetag",
    "pk": null,
    "fields": {
      "resource": 1,
      "tag": 75
    }
  },
  {
    "model": "ccserver.resourcetag",
    "pk": null,
    "fields": {
      "resource": 2,
      "tag": 8
    }
  },
  {
    "model": "ccserver.resourcetag",
    "pk": null,
    "fields": {
      "resource": 2,
      "tag": 66
    }
  },
  {
    "model": "ccserver.resourcetag",
    "pk": null,
    "fields": {
      "resource": 3,
      "tag": 85
    }
  },
  {
    "model": "ccserver.resourcetag",
    "pk": null,
    "fields": {
      "resource": 3,
      "tag": 69
    }
  }
]