[
  {
    "fields": {
      "tag_name": "climate policy"
    },
    "model": "ccserver.tag",
    "pk": 1
  },
  {
    "fields": {
      "tag_name": "education policy"
    },
    "model": "ccserver.tag",
    "pk": 2
  },
  {
    "fields": {
      "tag_name": "crime policy"
    },
    "model": "ccserver.tag",
    "pk": 3
  },
  {
    "fields": {
      "tag_name": "housing policy"
    },
    "model": "ccserver.tag",
    "pk": 4
  },
  {
    "fields": {
      "tag_name": "urban policy"
    },
    "model": "ccserver.tag",
    "pk": 5
  },
  {
    "fields": {
      "tag_name": "energy policy"
    },
    "model": "ccserver.tag",
    "pk": 6
  },
  {
    "fields": {
      "tag_name": "health policy"
    },
    "model": "ccserver.tag",
    "pk": 7
  },
  {
    "fields": {
      "tag_name": "economic policy"
    },
    "model": "ccserver.tag",
    "pk": 8
  },
  {
    "fields": {
      "tag_name": "gender policy"
    },
    "model": "ccserver.tag",
    "pk": 9
  },
  {
    "fields": {
      "tag_name": "environmental policy"
    },
    "model": "ccserver.tag",
    "pk": 10
  },
  {
    "fields": {
      "tag_name": "water policy"
    },
    "model": "ccserver.tag",
    "pk": 11
  },
  {
    "fields": {
      "tag_name": "agricultural policy"
    },
    "model": "ccserver.tag",
    "pk": 12
  },
  {
    "fields": {
      "tag_name": "conservation policy"
    },
    "model": "ccserver.tag",
    "pk": 13
  },
  {
    "fields": {
      "tag_name": "science and technology policy"
    },
    "model": "ccserver.tag",
    "pk": 14
  },
  {
    "fields": {
      "tag_name": "transportation policy"
    },
    "model": "ccserver.tag",
    "pk": 15
  },
  {
    "fields": {
      "tag_name": "international development"
    },
    "model": "ccserver.tag",
    "pk": 16
  },
  {
    "fields": {
      "tag_name": "government"
    },
    "model": "ccserver.tag",
    "pk": 17
  },
  {
    "fields": {
      "tag_name": "political data"
    },
    "model": "ccserver.tag",
    "pk": 18
  },
  {
    "fields": {
      "tag_name": "social justice"
    },
    "model": "ccserver.tag",
    "pk": 19
  },
  {
    "fields": {
      "tag_name": "transparency"
    },
    "model": "ccserver.tag",
    "pk": 20
  },
  {
    "fields": {
      "tag_name": "bias"
    },
    "model": "ccserver.tag",
    "pk": 21
  },
  {
    "fields": {
      "tag_name": "civic engagement"
    },
    "model": "ccserver.tag",
    "pk": 22
  },
  {
    "fields": {
      "tag_name": "accessibility"
    },
    "model": "ccserver.tag",
    "pk": 23
  },
  {
    "fields": {
      "tag_name": "AI ethics"
    },
    "model": "ccserver.tag",
    "pk": 24
  },
  {
    "fields": {
      "tag_name": "data privacy"
    },
    "model": "ccserver.tag",
    "pk": 25
  },
  {
    "fields": {
      "tag_name": "civic tech"
    },
    "model": "ccserver.tag",
    "pk": 26
  },
  {
    "fields": {
      "tag_name": "Python"
    },
    "model": "ccserver.tag",
    "pk": 27
  },
  {
    "fields": {
      "tag_name": "R"
    },
    "model": "ccserver.tag",
    "pk": 28
  },
  {
    "fields": {
      "tag_name": "Stata"
    },
    "model": "ccserver.tag",
    "pk": 29
  },
  {
    "fields": {
      "tag_name": "JavaScript"
    },
    "model": "ccserver.tag",
    "pk": 30
  },
  {
    "fields": {
      "tag_name": "Java"
    },
    "model": "ccserver.tag",
    "pk": 31
  },
  {
    "fields": {
      "tag_name": "C"
    },
    "model": "ccserver.tag",
    "pk": 32
  },
  {
    "fields": {
      "tag_name": "C++"
    },
    "model": "ccserver.tag",
    "pk": 33
  },
  {
    "fields": {
      "tag_name": "C#"
    },
    "model": "ccserver.tag",
    "pk": 34
  },
  {
    "fields": {
      "tag_name": "Go"
    },
    "model": "ccserver.tag",
    "pk": 35
  },
  {
    "fields": {
      "tag_name": "Rust"
    },
    "model": "ccserver.tag",
    "pk": 36
  },
  {
    "fields": {
      "tag_name": "Ruby"
    },
    "model": "ccserver.tag",
    "pk": 37
  },
  {
    "fields": {
      "tag_name": "Swift"
    },
    "model": "ccserver.tag",
    "pk": 38
  },
  {
    "fields": {
      "tag_name": "Kotlin"
    },
    "model": "ccserver.tag",
    "pk": 39
  },
  {
    "fields": {
      "tag_name": "Scala"
    },
    "model": "ccserver.tag",
    "pk": 40
  },
  {
    "fields": {
      "tag_name": "Perl"
    },
    "model": "ccserver.tag",
    "pk": 41
  },
  {
    "fields": {
      "tag_name": "Haskell"
    },
    "model": "ccserver.tag",
    "pk": 42
  },
  {
    "fields": {
      "tag_name": "Shell"
    },
    "model": "ccserver.tag",
    "pk": 43
  },
  {
    "fields": {
      "tag_name": "Bash"
    },
    "model": "ccserver.tag",
    "pk": 44
  },
  {
    "fields": {
      "tag_name": "PowerShell"
    },
    "model": "ccserver.tag",
    "pk": 45
  },
  {
    "fields": {
      "tag_name": "Visual Basic"
    },
    "model": "ccserver.tag",
    "pk": 46
  },
  {
    "fields": {
      "tag_name": "Assembly"
    },
    "model": "ccserver.tag",
    "pk": 47
  },
  {
    "fields": {
      "tag_name": "MATLAB"
    },
    "model": "ccserver.tag",
    "pk": 48
  },
  {
    "fields": {
      "tag_name": "Julia"
    },
    "model": "ccserver.tag",
    "pk": 49
  },
  {
    "fields": {
      "tag_name": "SQL"
    },
    "model": "ccserver.tag",
    "pk": 50
  },
  {
    "fields": {
      "tag_name": "machine learning"
    },
    "model": "ccserver.tag",
    "pk": 51
  },
  {
    "fields": {
      "tag_name": "artificial intelligence"
    },
    "model": "ccserver.tag",
    "pk": 52
  },
  {
    "fields": {
      "tag_name": "natural language processing"
    },
    "model": "ccserver.tag",
    "pk": 53
  },
  {
    "fields": {
      "tag_name": "data science"
    },
    "model": "ccserver.tag",
    "pk": 54
  },
  {
    "fields": {
      "tag_name": "data engineering"
    },
    "model": "ccserver.tag",
    "pk": 55
  },
  {
    "fields": {
      "tag_name": "software engineering"
    },
    "model": "ccserver.tag",
    "pk": 56
  },
  {
    "fields": {
      "tag_name": "software development"
    },
    "model": "ccserver.tag",
    "pk": 57
  },
  {
    "fields": {
      "tag_name": "data architecture"
    },
    "model": "ccserver.tag",
    "pk": 58
  },
  {
    "fields": {
      "tag_name": "analytics"
    },
    "model": "ccserver.tag",
    "pk": 59
  },
  {
    "fields": {
      "tag_name": "statistics"
    },
    "model": "ccserver.tag",
    "pk": 60
  },
  {
    "fields": {
      "tag_name": "GIS"
    },
    "model": "ccserver.tag",
    "pk": 61
  },
  {
    "fields": {
      "tag_name": "big data"
    },
    "model": "ccserver.tag",
    "pk": 62
  },
  {
    "fields": {
      "tag_name": "impact evaluation"
    },
    "model": "ccserver.tag",
    "pk": 63
  },
  {
    "fields": {
      "tag_name": "algorithms"
    },
    "model": "ccserver.tag",
    "pk": 64
  },
  {
    "fields": {
      "tag_name": "project management"
    },
    "model": "ccserver.tag",
    "pk": 65
  },
  {
    "fields": {
      "tag_name": "product management"
    },
    "model": "ccserver.tag",
    "pk": 66
  },
  {
    "fields": {
      "tag_name": "UI/UX"
    },
    "model": "ccserver.tag",
    "pk": 67
  },
  {
    "fields": {
      "tag_name": "cloud computing"
    },
    "model": "ccserver.tag",
    "pk": 68
  },
  {
    "fields": {
      "tag_name": "distributed systems"
    },
    "model": "ccserver.tag",
    "pk": 69
  },
  {
    "fields": {
      "tag_name": "deep learning"
    },
    "model": "ccserver.tag",
    "pk": 70
  },
  {
    "fields": {
      "tag_name": "computer vision"
    },
    "model": "ccserver.tag",
    "pk": 71
  },
  {
    "fields": {
      "tag_name": "causal inference"
    },
    "model": "ccserver.tag",
    "pk": 72
  },
  {
    "fields": {
      "tag_name": "data visualization"
    },
    "model": "ccserver.tag",
    "pk": 73
  },
  {
    "fields": {
      "tag_name": "backend development"
    },
    "model": "ccserver.tag",
    "pk": 74
  },
  {
    "fields": {
      "tag_name": "frontend development"
    },
    "model": "ccserver.tag",
    "pk": 75
  },
  {
    "fields": {
      "tag_name": "mobile development"
    },
    "model": "ccserver.tag",
    "pk": 76
  },
  {
    "fields": {
      "tag_name": "full-stack development"
    },
    "model": "ccserver.tag",
    "pk": 77
  },
  {
    "fields": {
      "tag_name": "systems programming"
    },
    "model": "ccserver.tag",
    "pk": 78
  },
  {
    "fields": {
      "tag_name": "API design"
    },
    "model": "ccserver.tag",
    "pk": 79
  },
  {
    "fields": {
      "tag_name": "quality assurance"
    },
    "model": "ccserver.tag",
    "pk": 80
  },
  {
    "fields": {
      "tag_name": "cybersecurity"
    },
    "model": "ccserver.tag",
    "pk": 81
  },
  {
    "fields": {
      "tag_name": "Django"
    },
    "model": "ccserver.tag",
    "pk": 82
  },
  {
    "fields": {
      "tag_name": "Flask"
    },
    "model": "ccserver.tag",
    "pk": 83
  },
  {
    "fields": {
      "tag_name": "React"
    },
    "model": "ccserver.tag",
    "pk": 84
  },
  {
    "fields": {
      "tag_name": "Vue.js"
    },
    "model": "ccserver.tag",
    "pk": 85
  },
  {
    "fields": {
      "tag_name": "Next.js"
    },
    "model": "ccserver.tag",
    "pk": 86
  },
  {
    "fields": {
      "tag_name": "Node.js"
    },
    "model": "ccserver.tag",
    "pk": 87
  },
  {
    "fields": {
      "tag_name": "Spring Boot"
    },
    "model": "ccserver.tag",
    "pk": 88
  },
  {
    "fields": {
      "tag_name": ".NET"
    },
    "model": "ccserver.tag",
    "pk": 89
  },
  {
    "fields": {
      "tag_name": "TensorFlow"
    },
    "model": "ccserver.tag",
    "pk": 90
  },
  {
    "fields": {
      "tag_name": "PyTorch"
    },
    "model": "ccserver.tag",
    "pk": 91
  },
  {
    "fields": {
      "tag_name": "Hadoop"
    },
    "model": "ccserver.tag",
    "pk": 92
  },
  {
    "fields": {
      "tag_name": "Spark"
    },
    "model": "ccserver.tag",
    "pk": 93
  },
  {
    "fields": {
      "tag_name": "agile"
    },
    "model": "ccserver.tag",
    "pk": 94
  },
  {
    "fields": {
      "tag_name": "human-centered design"
    },
    "model": "ccserver.tag",
    "pk": 95
  },
  {
    "fields": {
      "tag_name": "coursework"
    },
    "model": "ccserver.tag",
    "pk": 96
  },
  {
    "fields": {
      "tag_name": "tutorial"
    },
    "model": "ccserver.tag",
    "pk": 97
  },
  {
    "fields": {
      "tag_name": "startup"
    },
    "model": "ccserver.tag",
    "pk": 98
  },
  {
    "fields": {
      "tag_name": "full-time"
    },
    "model": "ccserver.tag",
    "pk": 99
  },
  {
    "fields": {
      "tag_name": "part-time"
    },
    "model": "ccserver.tag",
    "pk": 100
  },
  {
    "fields": {
      "tag_name": "internship"
    },
    "model": "ccserver.tag",
    "pk": 101
  },
  {
    "fields": {
      "tag_name": "fellowship"
    },
    "model": "ccserver.tag",
    "pk": 102
  },
  {
    "fields": {
      "email": "john60@orozco.net",
      "password": "pbkdf2_sha256$...",
      "username": "arnoldjason"
    },
    "model": "auth.user",
    "pk": 1
  },
  {
    "fields": {
      "email": "hduncan@hall.com",
      "password": "pbkdf2_sha256$...",
      "username": "othomas"
    },
    "model": "auth.user",
    "pk": 2
  },
  {
    "fields": {
      "email": "cgarcia@davis.info",
      "password": "pbkdf2_sha256$...",
      "username": "npadilla"
    },
    "model": "auth.user",
    "pk": 3
  },
  {
    "fields": {
      "email": "turnerscott@hotmail.com",
      "password": "pbkdf2_sha256$...",
      "username": "thomas21"
    },
    "model": "auth.user",
    "pk": 4
  },
  {
    "fields": {
      "email": "brownmarc@calhoun.biz",
      "password": "pbkdf2_sha256$...",
      "username": "bennettsara"
    },
    "model": "auth.user",
    "pk": 5
  },
  {
    "fields": {
      "bio": "Final seven if later child structure project. Hotel American let food color everyone.\nQuality brother network quite condition. Kind apply perform main attack least drop.\nInterview attention animal old five professor participant.\nNature some senior agreement position customer born.",
      "city": "Anafurt",
      "company": "Lewis, Ayers and Davis",
      "country": "Marshall Islands",
      "employment_status": "Searching",
      "github_username": "imartinez",
      "job_title": "Geochemist",
      "linkedin_username": "parkerwillie",
      "personal_site": "https://shea.biz/",
      "phone_number": "573-905-2555",
      "photo_url": "https://dummyimage.com/641x439",
      "slack_dm_url": "http://burgess.com/",
      "slack_username": "williamsjerry",
      "state": "New York",
      "user": 1
    },
    "model": "ccserver.profile",
    "pk": 1
  },
  {
    "fields": {
      "bio": "Security hope method natural price form green manager. He star leave sound fine reduce should. Right itself week boy speech process think.\nWorld or campaign let ask build. Agree special only theory know both. Any real strategy must southern.",
      "city": "Sonyamouth",
      "company": "Smith LLC",
      "country": "Togo",
      "employment_status": "Student",
      "github_username": "crystal56",
      "job_title": "Energy engineer",
      "linkedin_username": "tyler60",
      "personal_site": "https://www.pena-townsend.com/",
      "phone_number": "827-191-6909",
      "photo_url": "https://dummyimage.com/491x456",
      "slack_dm_url": "https://townsend.com/",
      "slack_username": "bsilva",
      "state": "Arizona",
      "user": 2
    },
    "model": "ccserver.profile",
    "pk": 2
  },
  {
    "fields": {
      "bio": "Simply look memory daughter short individual father article. Population war service woman indeed bag think. Real develop thank mission along.\nPhysical over role place suffer land apply believe. Some artist ten push push American create trade.",
      "city": "Port James",
      "company": "Powell, Smith and Lane",
      "country": "Montenegro",
      "employment_status": "Employed",
      "github_username": "nicholassimpson",
      "job_title": "Engineer, electronics",
      "linkedin_username": "carlsonpatricia",
      "personal_site": "https://www.andrews.com/",
      "phone_number": "960-619-0114",
      "photo_url": "https://www.lorempixel.com/273/967",
      "slack_dm_url": "https://www.meyer-herman.com/",
      "slack_username": "whoffman",
      "state": "New Hampshire",
      "user": 3
    },
    "model": "ccserver.profile",
    "pk": 3
  },
  {
    "fields": {
      "bio": "Case pretty you ok somebody. Near score five two huge alone.\nFace on become already certain public no. Television suddenly service foot how report speech.\nTheir lot carry. Every purpose no attack color power.\nThink pick fight different.",
      "city": "Matthewland",
      "company": "Mckenzie, Lopez and Sweeney",
      "country": "Brunei Darussalam",
      "employment_status": "Employed",
      "github_username": "stephensanchez",
      "job_title": "Physiological scientist",
      "linkedin_username": "stephanie33",
      "personal_site": "https://www.weiss-brown.com/",
      "phone_number": "883-584-5127",
      "photo_url": "https://placeimg.com/711/539/any",
      "slack_dm_url": "http://scott-sullivan.com/",
      "slack_username": "tracyholmes",
      "state": "Washington",
      "user": 4
    },
    "model": "ccserver.profile",
    "pk": 4
  },
  {
    "fields": {
      "bio": "Begin push throughout chair people. Next employee order by address. Bit sign structure stand.\nThose series project. Number often ability certainly safe throw movie return. Trade single week six guess call staff.\nPiece price up. Accept reveal education argue degree trade. Time be clear as Mr.",
      "city": "Heathermouth",
      "company": "Jackson PLC",
      "country": "Rwanda",
      "employment_status": "Student",
      "github_username": "michaeladkins",
      "job_title": "Programme researcher, broadcasting/film/video",
      "linkedin_username": "laurenflores",
      "personal_site": "https://www.potter.com/",
      "phone_number": "727-611-4202",
      "photo_url": "https://www.lorempixel.com/269/252",
      "slack_dm_url": "http://www.johnson-west.com/",
      "slack_username": "barbara83",
      "state": "Arizona",
      "user": 5
    },
    "model": "ccserver.profile",
    "pk": 5
  },
  {
    "fields": {
      "profile": 1,
      "tag": 89
    },
    "model": "ccserver.profiletag",
    "pk": 1
  },
  {
    "fields": {
      "profile": 1,
      "tag": 86
    },
    "model": "ccserver.profiletag",
    "pk": 2
  },
  {
    "fields": {
      "profile": 1,
      "tag": 19
    },
    "model": "ccserver.profiletag",
    "pk": 3
  },
  {
    "fields": {
      "profile": 2,
      "tag": 12
    },
    "model": "ccserver.profiletag",
    "pk": 4
  },
  {
    "fields": {
      "profile": 2,
      "tag": 56
    },
    "model": "ccserver.profiletag",
    "pk": 5
  },
  {
    "fields": {
      "profile": 2,
      "tag": 82
    },
    "model": "ccserver.profiletag",
    "pk": 6
  },
  {
    "fields": {
      "profile": 3,
      "tag": 25
    },
    "model": "ccserver.profiletag",
    "pk": 7
  },
  {
    "fields": {
      "profile": 3,
      "tag": 72
    },
    "model": "ccserver.profiletag",
    "pk": 8
  },
  {
    "fields": {
      "profile": 3,
      "tag": 42
    },
    "model": "ccserver.profiletag",
    "pk": 9
  },
  {
    "fields": {
      "profile": 4,
      "tag": 74
    },
    "model": "ccserver.profiletag",
    "pk": 10
  },
  {
    "fields": {
      "profile": 4,
      "tag": 87
    },
    "model": "ccserver.profiletag",
    "pk": 11
  },
  {
    "fields": {
      "profile": 4,
      "tag": 70
    },
    "model": "ccserver.profiletag",
    "pk": 12
  },
  {
    "fields": {
      "profile": 5,
      "tag": 17
    },
    "model": "ccserver.profiletag",
    "pk": 13
  },
  {
    "fields": {
      "profile": 5,
      "tag": 101
    },
    "model": "ccserver.profiletag",
    "pk": 14
  },
  {
    "fields": {
      "profile": 5,
      "tag": 8
    },
    "model": "ccserver.profiletag",
    "pk": 15
  },
  {
    "fields": {
      "created_at": "2025-05-07 01:18:12",
      "description": "Since little born away meeting our college. Affect front family listen across.",
      "links": "https://mayer-watkins.net/",
      "location": "Jacobschester",
      "post_type": "Project",
      "source": "Slack",
      "start_time": "2025-05-31 06:54:30",
      "title": "Close ability style.",
      "updated_at": "2025-05-18 19:48:57.990975",
      "user": 2
    },
    "model": "ccserver.post",
    "pk": 1
  },
  {
    "fields": {
      "created_at": "2025-04-21 00:07:25",
      "description": "Perhaps let right least appear more. Professional usually stuff.",
      "links": "https://www.henderson.com/",
      "location": "East Ryan",
      "post_type": "Project",
      "source": "Slack",
      "start_time": "2025-05-20 21:21:23",
      "title": "Threat official catch dream.",
      "updated_at": "2025-05-18 19:48:57.991568",
      "user": 3
    },
    "model": "ccserver.post",
    "pk": 2
  },
  {
    "fields": {
      "created_at": "2025-04-28 07:25:28",
      "description": "Table more PM economy card wear thing gas.",
      "links": "https://garcia.info/",
      "location": "Port Heather",
      "post_type": "Event",
      "source": "App",
      "start_time": "2025-05-31 15:38:06",
      "title": "War place between dark.",
      "updated_at": "2025-05-18 19:48:57.991963",
      "user": 4
    },
    "model": "ccserver.post",
    "pk": 3
  },
  {
    "fields": {
      "created_at": "2025-05-10 22:11:10",
      "description": "Three role age hot none fear raise. Provide pretty service start send. Strategy laugh do increase reach.",
      "links": "http://www.strickland-hill.info/",
      "location": "North Christine",
      "post_type": "Job",
      "source": "App",
      "start_time": "2025-06-16 07:23:50",
      "title": "Different wall tell carry turn.",
      "updated_at": "2025-05-18 19:48:57.992390",
      "user": 1
    },
    "model": "ccserver.post",
    "pk": 4
  },
  {
    "fields": {
      "created_at": "2025-04-21 11:28:59",
      "description": "Possible already system clear drug. Subject into traditional painting can glass night. Receive attorney shoulder total.",
      "links": "http://www.hull-kidd.net/",
      "location": "Wheelerbury",
      "post_type": "General",
      "source": "Slack",
      "start_time": "2025-05-29 22:45:38",
      "title": "Kind baby paper another become beautiful defense final.",
      "updated_at": "2025-05-18 19:48:57.992902",
      "user": 1
    },
    "model": "ccserver.post",
    "pk": 5
  },
  {
    "fields": {
      "post": 1,
      "tag": 13
    },
    "model": "ccserver.posttag",
    "pk": 1
  },
  {
    "fields": {
      "post": 1,
      "tag": 58
    },
    "model": "ccserver.posttag",
    "pk": 2
  },
  {
    "fields": {
      "post": 1,
      "tag": 75
    },
    "model": "ccserver.posttag",
    "pk": 3
  },
  {
    "fields": {
      "post": 2,
      "tag": 78
    },
    "model": "ccserver.posttag",
    "pk": 4
  },
  {
    "fields": {
      "post": 2,
      "tag": 79
    },
    "model": "ccserver.posttag",
    "pk": 5
  },
  {
    "fields": {
      "post": 2,
      "tag": 10
    },
    "model": "ccserver.posttag",
    "pk": 6
  },
  {
    "fields": {
      "post": 3,
      "tag": 92
    },
    "model": "ccserver.posttag",
    "pk": 7
  },
  {
    "fields": {
      "post": 3,
      "tag": 69
    },
    "model": "ccserver.posttag",
    "pk": 8
  },
  {
    "fields": {
      "post": 3,
      "tag": 42
    },
    "model": "ccserver.posttag",
    "pk": 9
  },
  {
    "fields": {
      "post": 4,
      "tag": 39
    },
    "model": "ccserver.posttag",
    "pk": 10
  },
  {
    "fields": {
      "post": 4,
      "tag": 51
    },
    "model": "ccserver.posttag",
    "pk": 11
  },
  {
    "fields": {
      "post": 4,
      "tag": 33
    },
    "model": "ccserver.posttag",
    "pk": 12
  },
  {
    "fields": {
      "post": 5,
      "tag": 63
    },
    "model": "ccserver.posttag",
    "pk": 13
  },
  {
    "fields": {
      "post": 5,
      "tag": 62
    },
    "model": "ccserver.posttag",
    "pk": 14
  },
  {
    "fields": {
      "post": 5,
      "tag": 65
    },
    "model": "ccserver.posttag",
    "pk": 15
  },
  {
    "fields": {
      "comment_text": "Former project myself down event future choose relate.",
      "created_at": "2025-05-11 20:24:53",
      "post": 5,
      "user": 4
    },
    "model": "ccserver.comment",
    "pk": 1
  },
  {
    "fields": {
      "comment_text": "Civil safe red commercial perhaps account place.",
      "created_at": "2025-05-13 11:27:41",
      "post": 5,
      "user": 5
    },
    "model": "ccserver.comment",
    "pk": 2
  },
  {
    "fields": {
      "comment_text": "Say source news writer now state.",
      "created_at": "2025-05-15 21:14:22",
      "post": 5,
      "user": 1
    },
    "model": "ccserver.comment",
    "pk": 3
  },
  {
    "fields": {
      "comment_text": "Do black campaign success exist.",
      "created_at": "2025-05-18 11:57:02",
      "post": 4,
      "user": 4
    },
    "model": "ccserver.comment",
    "pk": 4
  },
  {
    "fields": {
      "comment_text": "Goal up out PM nearly.",
      "created_at": "2025-05-15 07:58:10",
      "post": 2,
      "user": 3
    },
    "model": "ccserver.comment",
    "pk": 5
  },
  {
    "fields": {
      "comment_text": "No by he into card choice off.",
      "created_at": "2025-05-16 04:38:47",
      "post": 2,
      "user": 3
    },
    "model": "ccserver.comment",
    "pk": 6
  },
  {
    "fields": {
      "comment_text": "Almost protect once upon poor.",
      "created_at": "2025-05-13 11:26:36",
      "post": 2,
      "user": 1
    },
    "model": "ccserver.comment",
    "pk": 7
  },
  {
    "fields": {
      "comment_text": "Vote society be development.",
      "created_at": "2025-05-17 11:13:28",
      "post": 4,
      "user": 2
    },
    "model": "ccserver.comment",
    "pk": 8
  },
  {
    "fields": {
      "comment_text": "Safe yard right hundred.",
      "created_at": "2025-05-16 07:29:30",
      "post": 4,
      "user": 3
    },
    "model": "ccserver.comment",
    "pk": 9
  },
  {
    "fields": {
      "comment_text": "Return energy film.",
      "created_at": "2025-05-13 16:58:33",
      "post": 2,
      "user": 2
    },
    "model": "ccserver.comment",
    "pk": 10
  }
]
