[
  {
    "fields": {
      "tag_name": "climate policy"
    },
    "model": "ccserver.tag",
    "pk": 1
  },
  {
    "fields": {
      "tag_name": "education policy"
    },
    "model": "ccserver.tag",
    "pk": 2
  },
  {
    "fields": {
      "tag_name": "crime policy"
    },
    "model": "ccserver.tag",
    "pk": 3
  },
  {
    "fields": {
      "tag_name": "housing policy"
    },
    "model": "ccserver.tag",
    "pk": 4
  },
  {
    "fields": {
      "tag_name": "urban policy"
    },
    "model": "ccserver.tag",
    "pk": 5
  },
  {
    "fields": {
      "tag_name": "energy policy"
    },
    "model": "ccserver.tag",
    "pk": 6
  },
  {
    "fields": {
      "tag_name": "health policy"
    },
    "model": "ccserver.tag",
    "pk": 7
  },
  {
    "fields": {
      "tag_name": "economic policy"
    },
    "model": "ccserver.tag",
    "pk": 8
  },
  {
    "fields": {
      "tag_name": "gender policy"
    },
    "model": "ccserver.tag",
    "pk": 9
  },
  {
    "fields": {
      "tag_name": "environmental policy"
    },
    "model": "ccserver.tag",
    "pk": 10
  },
  {
    "fields": {
      "tag_name": "water policy"
    },
    "model": "ccserver.tag",
    "pk": 11
  },
  {
    "fields": {
      "tag_name": "agricultural policy"
    },
    "model": "ccserver.tag",
    "pk": 12
  },
  {
    "fields": {
      "tag_name": "conservation policy"
    },
    "model": "ccserver.tag",
    "pk": 13
  },
  {
    "fields": {
      "tag_name": "science and technology policy"
    },
    "model": "ccserver.tag",
    "pk": 14
  },
  {
    "fields": {
      "tag_name": "transportation policy"
    },
    "model": "ccserver.tag",
    "pk": 15
  },
  {
    "fields": {
      "tag_name": "international development"
    },
    "model": "ccserver.tag",
    "pk": 16
  },
  {
    "fields": {
      "tag_name": "government"
    },
    "model": "ccserver.tag",
    "pk": 17
  },
  {
    "fields": {
      "tag_name": "political data"
    },
    "model": "ccserver.tag",
    "pk": 18
  },
  {
    "fields": {
      "tag_name": "social justice"
    },
    "model": "ccserver.tag",
    "pk": 19
  },
  {
    "fields": {
      "tag_name": "transparency"
    },
    "model": "ccserver.tag",
    "pk": 20
  },
  {
    "fields": {
      "tag_name": "bias"
    },
    "model": "ccserver.tag",
    "pk": 21
  },
  {
    "fields": {
      "tag_name": "civic engagement"
    },
    "model": "ccserver.tag",
    "pk": 22
  },
  {
    "fields": {
      "tag_name": "accessibility"
    },
    "model": "ccserver.tag",
    "pk": 23
  },
  {
    "fields": {
      "tag_name": "AI ethics"
    },
    "model": "ccserver.tag",
    "pk": 24
  },
  {
    "fields": {
      "tag_name": "data privacy"
    },
    "model": "ccserver.tag",
    "pk": 25
  },
  {
    "fields": {
      "tag_name": "civic tech"
    },
    "model": "ccserver.tag",
    "pk": 26
  },
  {
    "fields": {
      "tag_name": "Python"
    },
    "model": "ccserver.tag",
    "pk": 27
  },
  {
    "fields": {
      "tag_name": "R"
    },
    "model": "ccserver.tag",
    "pk": 28
  },
  {
    "fields": {
      "tag_name": "Stata"
    },
    "model": "ccserver.tag",
    "pk": 29
  },
  {
    "fields": {
      "tag_name": "JavaScript"
    },
    "model": "ccserver.tag",
    "pk": 30
  },
  {
    "fields": {
      "tag_name": "Java"
    },
    "model": "ccserver.tag",
    "pk": 31
  },
  {
    "fields": {
      "tag_name": "C"
    },
    "model": "ccserver.tag",
    "pk": 32
  },
  {
    "fields": {
      "tag_name": "C++"
    },
    "model": "ccserver.tag",
    "pk": 33
  },
  {
    "fields": {
      "tag_name": "C#"
    },
    "model": "ccserver.tag",
    "pk": 34
  },
  {
    "fields": {
      "tag_name": "Go"
    },
    "model": "ccserver.tag",
    "pk": 35
  },
  {
    "fields": {
      "tag_name": "Rust"
    },
    "model": "ccserver.tag",
    "pk": 36
  },
  {
    "fields": {
      "tag_name": "Ruby"
    },
    "model": "ccserver.tag",
    "pk": 37
  },
  {
    "fields": {
      "tag_name": "Swift"
    },
    "model": "ccserver.tag",
    "pk": 38
  },
  {
    "fields": {
      "tag_name": "Kotlin"
    },
    "model": "ccserver.tag",
    "pk": 39
  },
  {
    "fields": {
      "tag_name": "Scala"
    },
    "model": "ccserver.tag",
    "pk": 40
  },
  {
    "fields": {
      "tag_name": "Perl"
    },
    "model": "ccserver.tag",
    "pk": 41
  },
  {
    "fields": {
      "tag_name": "Haskell"
    },
    "model": "ccserver.tag",
    "pk": 42
  },
  {
    "fields": {
      "tag_name": "Shell"
    },
    "model": "ccserver.tag",
    "pk": 43
  },
  {
    "fields": {
      "tag_name": "Bash"
    },
    "model": "ccserver.tag",
    "pk": 44
  },
  {
    "fields": {
      "tag_name": "PowerShell"
    },
    "model": "ccserver.tag",
    "pk": 45
  },
  {
    "fields": {
      "tag_name": "Visual Basic"
    },
    "model": "ccserver.tag",
    "pk": 46
  },
  {
    "fields": {
      "tag_name": "Assembly"
    },
    "model": "ccserver.tag",
    "pk": 47
  },
  {
    "fields": {
      "tag_name": "MATLAB"
    },
    "model": "ccserver.tag",
    "pk": 48
  },
  {
    "fields": {
      "tag_name": "Julia"
    },
    "model": "ccserver.tag",
    "pk": 49
  },
  {
    "fields": {
      "tag_name": "SQL"
    },
    "model": "ccserver.tag",
    "pk": 50
  },
  {
    "fields": {
      "tag_name": "machine learning"
    },
    "model": "ccserver.tag",
    "pk": 51
  },
  {
    "fields": {
      "tag_name": "artificial intelligence"
    },
    "model": "ccserver.tag",
    "pk": 52
  },
  {
    "fields": {
      "tag_name": "natural language processing"
    },
    "model": "ccserver.tag",
    "pk": 53
  },
  {
    "fields": {
      "tag_name": "data science"
    },
    "model": "ccserver.tag",
    "pk": 54
  },
  {
    "fields": {
      "tag_name": "data engineering"
    },
    "model": "ccserver.tag",
    "pk": 55
  },
  {
    "fields": {
      "tag_name": "software engineering"
    },
    "model": "ccserver.tag",
    "pk": 56
  },
  {
    "fields": {
      "tag_name": "software development"
    },
    "model": "ccserver.tag",
    "pk": 57
  },
  {
    "fields": {
      "tag_name": "data architecture"
    },
    "model": "ccserver.tag",
    "pk": 58
  },
  {
    "fields": {
      "tag_name": "analytics"
    },
    "model": "ccserver.tag",
    "pk": 59
  },
  {
    "fields": {
      "tag_name": "statistics"
    },
    "model": "ccserver.tag",
    "pk": 60
  },
  {
    "fields": {
      "tag_name": "GIS"
    },
    "model": "ccserver.tag",
    "pk": 61
  },
  {
    "fields": {
      "tag_name": "big data"
    },
    "model": "ccserver.tag",
    "pk": 62
  },
  {
    "fields": {
      "tag_name": "impact evaluation"
    },
    "model": "ccserver.tag",
    "pk": 63
  },
  {
    "fields": {
      "tag_name": "algorithms"
    },
    "model": "ccserver.tag",
    "pk": 64
  },
  {
    "fields": {
      "tag_name": "project management"
    },
    "model": "ccserver.tag",
    "pk": 65
  },
  {
    "fields": {
      "tag_name": "product management"
    },
    "model": "ccserver.tag",
    "pk": 66
  },
  {
    "fields": {
      "tag_name": "UI/UX"
    },
    "model": "ccserver.tag",
    "pk": 67
  },
  {
    "fields": {
      "tag_name": "cloud computing"
    },
    "model": "ccserver.tag",
    "pk": 68
  },
  {
    "fields": {
      "tag_name": "distributed systems"
    },
    "model": "ccserver.tag",
    "pk": 69
  },
  {
    "fields": {
      "tag_name": "deep learning"
    },
    "model": "ccserver.tag",
    "pk": 70
  },
  {
    "fields": {
      "tag_name": "computer vision"
    },
    "model": "ccserver.tag",
    "pk": 71
  },
  {
    "fields": {
      "tag_name": "causal inference"
    },
    "model": "ccserver.tag",
    "pk": 72
  },
  {
    "fields": {
      "tag_name": "data visualization"
    },
    "model": "ccserver.tag",
    "pk": 73
  },
  {
    "fields": {
      "tag_name": "backend development"
    },
    "model": "ccserver.tag",
    "pk": 74
  },
  {
    "fields": {
      "tag_name": "frontend development"
    },
    "model": "ccserver.tag",
    "pk": 75
  },
  {
    "fields": {
      "tag_name": "mobile development"
    },
    "model": "ccserver.tag",
    "pk": 76
  },
  {
    "fields": {
      "tag_name": "full-stack development"
    },
    "model": "ccserver.tag",
    "pk": 77
  },
  {
    "fields": {
      "tag_name": "systems programming"
    },
    "model": "ccserver.tag",
    "pk": 78
  },
  {
    "fields": {
      "tag_name": "API design"
    },
    "model": "ccserver.tag",
    "pk": 79
  },
  {
    "fields": {
      "tag_name": "quality assurance"
    },
    "model": "ccserver.tag",
    "pk": 80
  },
  {
    "fields": {
      "tag_name": "cybersecurity"
    },
    "model": "ccserver.tag",
    "pk": 81
  },
  {
    "fields": {
      "tag_name": "Django"
    },
    "model": "ccserver.tag",
    "pk": 82
  },
  {
    "fields": {
      "tag_name": "Flask"
    },
    "model": "ccserver.tag",
    "pk": 83
  },
  {
    "fields": {
      "tag_name": "React"
    },
    "model": "ccserver.tag",
    "pk": 84
  },
  {
    "fields": {
      "tag_name": "Vue.js"
    },
    "model": "ccserver.tag",
    "pk": 85
  },
  {
    "fields": {
      "tag_name": "Next.js"
    },
    "model": "ccserver.tag",
    "pk": 86
  },
  {
    "fields": {
      "tag_name": "Node.js"
    },
    "model": "ccserver.tag",
    "pk": 87
  },
  {
    "fields": {
      "tag_name": "Spring Boot"
    },
    "model": "ccserver.tag",
    "pk": 88
  },
  {
    "fields": {
      "tag_name": ".NET"
    },
    "model": "ccserver.tag",
    "pk": 89
  },
  {
    "fields": {
      "tag_name": "TensorFlow"
    },
    "model": "ccserver.tag",
    "pk": 90
  },
  {
    "fields": {
      "tag_name": "PyTorch"
    },
    "model": "ccserver.tag",
    "pk": 91
  },
  {
    "fields": {
      "tag_name": "Hadoop"
    },
    "model": "ccserver.tag",
    "pk": 92
  },
  {
    "fields": {
      "tag_name": "Spark"
    },
    "model": "ccserver.tag",
    "pk": 93
  },
  {
    "fields": {
      "tag_name": "agile"
    },
    "model": "ccserver.tag",
    "pk": 94
  },
  {
    "fields": {
      "tag_name": "human-centered design"
    },
    "model": "ccserver.tag",
    "pk": 95
  },
  {
    "fields": {
      "tag_name": "coursework"
    },
    "model": "ccserver.tag",
    "pk": 96
  },
  {
    "fields": {
      "tag_name": "tutorial"
    },
    "model": "ccserver.tag",
    "pk": 97
  },
  {
    "fields": {
      "tag_name": "startup"
    },
    "model": "ccserver.tag",
    "pk": 98
  },
  {
    "fields": {
      "tag_name": "full-time"
    },
    "model": "ccserver.tag",
    "pk": 99
  },
  {
    "fields": {
      "tag_name": "part-time"
    },
    "model": "ccserver.tag",
    "pk": 100
  },
  {
    "fields": {
      "tag_name": "internship"
    },
    "model": "ccserver.tag",
    "pk": 101
  },
  {
    "fields": {
      "tag_name": "fellowship"
    },
    "model": "ccserver.tag",
    "pk": 102
  },
  {
    "fields": {
      "email": "glenpetty@moore.net",
      "is_active": true,
      "is_staff": false,
      "is_superuser": false,
      "password": "pbkdf2_sha256$...",
      "username": "cristianvargas"
    },
    "model": "auth.user",
    "pk": 1
  },
  {
    "fields": {
      "email": "ddavidson@johnson.org",
      "is_active": true,
      "is_staff": false,
      "is_superuser": false,
      "password": "pbkdf2_sha256$...",
      "username": "alison86"
    },
    "model": "auth.user",
    "pk": 2
  },
  {
    "fields": {
      "email": "hsteele@campbell.info",
      "is_active": true,
      "is_staff": false,
      "is_superuser": false,
      "password": "pbkdf2_sha256$...",
      "username": "robert61"
    },
    "model": "auth.user",
    "pk": 3
  },
  {
    "fields": {
      "email": "alvarezdeborah@yahoo.com",
      "is_active": true,
      "is_staff": false,
      "is_superuser": false,
      "password": "pbkdf2_sha256$...",
      "username": "robertsleah"
    },
    "model": "auth.user",
    "pk": 4
  },
  {
    "fields": {
      "email": "teresaroberts@yahoo.com",
      "is_active": true,
      "is_staff": false,
      "is_superuser": false,
      "password": "pbkdf2_sha256$...",
      "username": "mlewis"
    },
    "model": "auth.user",
    "pk": 5
  },
  {
    "fields": {
      "email": "jeffrey24@gmail.com",
      "is_active": true,
      "is_staff": false,
      "is_superuser": false,
      "password": "pbkdf2_sha256$...",
      "username": "crawfordthomas"
    },
    "model": "auth.user",
    "pk": 6
  },
  {
    "fields": {
      "email": "aoneill@bridges.com",
      "is_active": true,
      "is_staff": false,
      "is_superuser": false,
      "password": "pbkdf2_sha256$...",
      "username": "kelly87"
    },
    "model": "auth.user",
    "pk": 7
  },
  {
    "fields": {
      "email": "clintonflores@yahoo.com",
      "is_active": true,
      "is_staff": false,
      "is_superuser": false,
      "password": "pbkdf2_sha256$...",
      "username": "jessica20"
    },
    "model": "auth.user",
    "pk": 8
  },
  {
    "fields": {
      "email": "terrycarter@curtis.com",
      "is_active": true,
      "is_staff": false,
      "is_superuser": false,
      "password": "pbkdf2_sha256$...",
      "username": "harrellnicole"
    },
    "model": "auth.user",
    "pk": 9
  },
  {
    "fields": {
      "email": "grahamjennifer@hotmail.com",
      "is_active": true,
      "is_staff": false,
      "is_superuser": false,
      "password": "pbkdf2_sha256$...",
      "username": "jennifer88"
    },
    "model": "auth.user",
    "pk": 10
  },
  {
    "fields": {
      "bio": "Hard parent teach political. Party animal over name hair.\nAuthority industry life.\nCommon half contain plan special car better. Idea else person wind today safe executive.",
      "city": "West Carrie",
      "company": "Andersen, Cooper and Smith",
      "country": "Costa Rica",
      "employment_status": "Hiring",
      "github_username": "bwade",
      "job_title": "Field seismologist",
      "linkedin_username": "hscott",
      "personal_site": "https://rodriguez.info/",
      "phone_number": "(508)658-8935",
      "photo_url": "https://www.lorempixel.com/202/1022",
      "slack_username": "jacob43",
      "state": "Maryland",
      "user": 1
    },
    "model": "ccserver.profile",
    "pk": 1
  },
  {
    "fields": {
      "bio": "Democratic course real actually. Hot according whom building operation authority guess. Long case move way place bag economic.",
      "city": "West Samantha",
      "company": "Pearson, Mckinney and Vang",
      "country": "Madagascar",
      "employment_status": "Hiring",
      "github_username": "kbrown",
      "job_title": "Scientist, clinical (histocompatibility and immunogenetics)",
      "linkedin_username": "richard65",
      "personal_site": "https://mcintyre-sanders.com/",
      "phone_number": "+1-561-263-4741x465",
      "photo_url": "https://www.lorempixel.com/8/251",
      "slack_username": "wbishop",
      "state": "Delaware",
      "user": 2
    },
    "model": "ccserver.profile",
    "pk": 2
  },
  {
    "fields": {
      "bio": "Stock building mind girl then chance religious. East brother throw serve. Staff fund both.\nWorld low end require so. Practice century local concern mouth.",
      "city": "New Carolland",
      "company": "Cross-Spencer",
      "country": "Myanmar",
      "employment_status": "Hiring",
      "github_username": "robertsanchez",
      "job_title": "Market researcher",
      "linkedin_username": "sarawilliams",
      "personal_site": "https://campbell.com/",
      "phone_number": "(373)590-3336x4298",
      "photo_url": "https://dummyimage.com/637x399",
      "slack_username": "sarah41",
      "state": "Indiana",
      "user": 3
    },
    "model": "ccserver.profile",
    "pk": 3
  },
  {
    "fields": {
      "bio": "Down government imagine. Goal within serve attack open teach manager.\nOn explain full matter system evening. Newspaper others speak common.",
      "city": "Oneillstad",
      "company": "Cortez-Weaver",
      "country": "Panama",
      "employment_status": "Student",
      "github_username": "amberfloyd",
      "job_title": "Arboriculturist",
      "linkedin_username": "josephhowell",
      "personal_site": "http://holmes.info/",
      "phone_number": "221.807.9237",
      "photo_url": "https://dummyimage.com/403x302",
      "slack_username": "morrismelissa",
      "state": "Indiana",
      "user": 4
    },
    "model": "ccserver.profile",
    "pk": 4
  },
  {
    "fields": {
      "bio": "Prove unit all whatever.\nKey both important tell collection. Professional light measure draw. Hope test public feel step worry two.",
      "city": "Bakerburgh",
      "company": "Clay Group",
      "country": "Bangladesh",
      "employment_status": "Employed",
      "github_username": "jesse63",
      "job_title": "Lexicographer",
      "linkedin_username": "amybrown",
      "personal_site": "https://www.wilson-robinson.com/",
      "phone_number": "001-002-827-1013x39587",
      "photo_url": "https://www.lorempixel.com/662/742",
      "slack_username": "shenderson",
      "state": "North Carolina",
      "user": 5
    },
    "model": "ccserver.profile",
    "pk": 5
  },
  {
    "fields": {
      "bio": "Suffer short race activity me require. Daughter their peace say dream eat. Over knowledge tree design home level.",
      "city": "New Rachel",
      "company": "Paul Ltd",
      "country": "Bermuda",
      "employment_status": "Employed",
      "github_username": "hlin",
      "job_title": "Engineer, energy",
      "linkedin_username": "fowlersharon",
      "personal_site": "https://www.bryant.com/",
      "phone_number": "+1-933-452-2458",
      "photo_url": "https://dummyimage.com/309x886",
      "slack_username": "ythompson",
      "state": "Montana",
      "user": 6
    },
    "model": "ccserver.profile",
    "pk": 6
  },
  {
    "fields": {
      "bio": "Weight take section move.\nMarriage challenge Democrat push. Ten wall event answer adult ago degree. Father five dream end report.",
      "city": "Anthonyview",
      "company": "Cross, Moore and Johnson",
      "country": "Denmark",
      "employment_status": "Searching",
      "github_username": "johnsonerik",
      "job_title": "Engineer, petroleum",
      "linkedin_username": "robertsangela",
      "personal_site": "https://silva.com/",
      "phone_number": "832.779.7187x658",
      "photo_url": "https://www.lorempixel.com/696/412",
      "slack_username": "conradrobert",
      "state": "North Dakota",
      "user": 7
    },
    "model": "ccserver.profile",
    "pk": 7
  },
  {
    "fields": {
      "bio": "Bring whose here better. Different hundred daughter ground.\nNot worry cost another. Performance painting whatever hear.",
      "city": "Port Jamesburgh",
      "company": "Jensen-Booker",
      "country": "Croatia",
      "employment_status": "Employed",
      "github_username": "scott47",
      "job_title": "Chartered legal executive (England and Wales)",
      "linkedin_username": "lowerychristopher",
      "personal_site": "https://brooks.com/",
      "phone_number": "+1-921-320-9234",
      "photo_url": "https://placekitten.com/792/348",
      "slack_username": "hmendoza",
      "state": "Vermont",
      "user": 8
    },
    "model": "ccserver.profile",
    "pk": 8
  },
  {
    "fields": {
      "bio": "Money service produce close. Account agreement society organization. Above I act listen.\nPresent card thousand mean. Spend away through body.\nGet particular physical individual raise actually radio.",
      "city": "Michaelburgh",
      "company": "Perry, Meyers and Rice",
      "country": "Chile",
      "employment_status": "Student",
      "github_username": "bdavis",
      "job_title": "Producer, television/film/video",
      "linkedin_username": "carlosthomas",
      "personal_site": "https://www.singh.info/",
      "phone_number": "041.857.0838",
      "photo_url": "https://placeimg.com/345/193/any",
      "slack_username": "astout",
      "state": "Arizona",
      "user": 9
    },
    "model": "ccserver.profile",
    "pk": 9
  },
  {
    "fields": {
      "bio": "Food bit fight for section enjoy purpose. Hit weight who carry. Call one window item age.\nInclude office see foreign parent begin. Time tend leg source. Would describe draw old.",
      "city": "East Kathleenview",
      "company": "Young, Reese and Gibson",
      "country": "Saint Martin",
      "employment_status": "Employed",
      "github_username": "jasonford",
      "job_title": "Development worker, community",
      "linkedin_username": "jenniferlam",
      "personal_site": "http://www.nelson-sherman.net/",
      "phone_number": "045-969-9911x811",
      "photo_url": "https://dummyimage.com/248x368",
      "slack_username": "patriciashah",
      "state": "Maryland",
      "user": 10
    },
    "model": "ccserver.profile",
    "pk": 10
  },
  {
    "fields": {
      "profile": 1,
      "tag": 40
    },
    "model": "ccserver.profiletag",
    "pk": null
  },
  {
    "fields": {
      "profile": 1,
      "tag": 97
    },
    "model": "ccserver.profiletag",
    "pk": null
  },
  {
    "fields": {
      "profile": 1,
      "tag": 43
    },
    "model": "ccserver.profiletag",
    "pk": null
  },
  {
    "fields": {
      "profile": 2,
      "tag": 17
    },
    "model": "ccserver.profiletag",
    "pk": null
  },
  {
    "fields": {
      "profile": 3,
      "tag": 52
    },
    "model": "ccserver.profiletag",
    "pk": null
  },
  {
    "fields": {
      "profile": 3,
      "tag": 98
    },
    "model": "ccserver.profiletag",
    "pk": null
  },
  {
    "fields": {
      "profile": 4,
      "tag": 47
    },
    "model": "ccserver.profiletag",
    "pk": null
  },
  {
    "fields": {
      "profile": 4,
      "tag": 60
    },
    "model": "ccserver.profiletag",
    "pk": null
  },
  {
    "fields": {
      "profile": 4,
      "tag": 25
    },
    "model": "ccserver.profiletag",
    "pk": null
  },
  {
    "fields": {
      "profile": 5,
      "tag": 16
    },
    "model": "ccserver.profiletag",
    "pk": null
  },
  {
    "fields": {
      "profile": 5,
      "tag": 19
    },
    "model": "ccserver.profiletag",
    "pk": null
  },
  {
    "fields": {
      "profile": 5,
      "tag": 65
    },
    "model": "ccserver.profiletag",
    "pk": null
  },
  {
    "fields": {
      "profile": 6,
      "tag": 10
    },
    "model": "ccserver.profiletag",
    "pk": null
  },
  {
    "fields": {
      "profile": 7,
      "tag": 20
    },
    "model": "ccserver.profiletag",
    "pk": null
  },
  {
    "fields": {
      "profile": 7,
      "tag": 48
    },
    "model": "ccserver.profiletag",
    "pk": null
  },
  {
    "fields": {
      "profile": 7,
      "tag": 69
    },
    "model": "ccserver.profiletag",
    "pk": null
  },
  {
    "fields": {
      "profile": 8,
      "tag": 45
    },
    "model": "ccserver.profiletag",
    "pk": null
  },
  {
    "fields": {
      "profile": 9,
      "tag": 47
    },
    "model": "ccserver.profiletag",
    "pk": null
  },
  {
    "fields": {
      "profile": 10,
      "tag": 72
    },
    "model": "ccserver.profiletag",
    "pk": null
  },
  {
    "fields": {
      "profile": 10,
      "tag": 70
    },
    "model": "ccserver.profiletag",
    "pk": null
  },
  {
    "fields": {
      "profile": 10,
      "tag": 45
    },
    "model": "ccserver.profiletag",
    "pk": null
  },
  {
    "fields": {
      "created_at": "2025-03-30 17:00:32",
      "description": "The Urban Institute is hiring a Machine Learning Research Associate.",
      "links": "https://allen-salazar.org/",
      "location": "North Don",
      "post_type": "Project",
      "source": "Slack",
      "start_time": "2025-05-29 16:59:14.076340",
      "title": "Matter huge wear single people indicate.",
      "updated_at": "2025-05-16 16:59:14.076060",
      "user": 6
    },
    "model": "ccserver.post",
    "pk": 1
  },
  {
    "fields": {
      "created_at": "2025-01-02 15:54:50",
      "description": "Code for America is hiring a Senior Data Engineer.",
      "links": "https://hoffman-flores.info/",
      "location": "Port Sarahfort",
      "post_type": "Job",
      "source": "App",
      "start_time": "2025-06-11 16:59:14.076829",
      "title": "Stop base town.",
      "updated_at": "2025-05-16 16:59:14.076567",
      "user": 6
    },
    "model": "ccserver.post",
    "pk": 2
  },
  {
    "fields": {
      "created_at": "2025-01-07 15:48:41",
      "description": "Thinking about building a small web app for organizers that helps generate contact trees.",
      "links": "http://walker.com/",
      "location": "North Josephburgh",
      "post_type": "Event",
      "source": "App",
      "start_time": "2025-06-13 16:59:14.077539",
      "title": "Behavior activity majority amount where.",
      "updated_at": "2025-05-16 16:59:14.077094",
      "user": 4
    },
    "model": "ccserver.post",
    "pk": 3
  },
  {
    "fields": {
      "created_at": "2025-03-16 10:52:29",
      "description": "Thinking about building a small web app for organizers that helps generate contact trees.",
      "links": "https://www.miller.com/",
      "location": "Stevensville",
      "post_type": "Resource",
      "source": "App",
      "start_time": "2025-06-04 16:59:14.077893",
      "title": "Member financial record themselves end around.",
      "updated_at": "2025-05-16 16:59:14.077745",
      "user": 2
    },
    "model": "ccserver.post",
    "pk": 4
  },
  {
    "fields": {
      "created_at": "2025-04-09 15:46:07",
      "description": "Code for America is hiring a Senior Data Engineer.",
      "links": "https://robinson.com/",
      "location": "Christopherville",
      "post_type": "Project",
      "source": "App",
      "start_time": "2025-05-22 16:59:14.078295",
      "title": "Hot mind other through here simply your.",
      "updated_at": "2025-05-16 16:59:14.078139",
      "user": 3
    },
    "model": "ccserver.post",
    "pk": 5
  },
  {
    "fields": {
      "post": 1,
      "tag": 62
    },
    "model": "ccserver.posttag",
    "pk": null
  },
  {
    "fields": {
      "post": 2,
      "tag": 12
    },
    "model": "ccserver.posttag",
    "pk": null
  },
  {
    "fields": {
      "post": 2,
      "tag": 56
    },
    "model": "ccserver.posttag",
    "pk": null
  },
  {
    "fields": {
      "post": 3,
      "tag": 57
    },
    "model": "ccserver.posttag",
    "pk": null
  },
  {
    "fields": {
      "post": 3,
      "tag": 43
    },
    "model": "ccserver.posttag",
    "pk": null
  },
  {
    "fields": {
      "post": 4,
      "tag": 62
    },
    "model": "ccserver.posttag",
    "pk": null
  },
  {
    "fields": {
      "post": 4,
      "tag": 20
    },
    "model": "ccserver.posttag",
    "pk": null
  },
  {
    "fields": {
      "post": 5,
      "tag": 60
    },
    "model": "ccserver.posttag",
    "pk": null
  },
  {
    "fields": {
      "comment_text": "War who rise similar defense.",
      "created_at": "2025-01-08 17:30:26",
      "post": 1,
      "user": 6
    },
    "model": "ccserver.comment",
    "pk": 1
  },
  {
    "fields": {
      "comment_text": "Security rule southern citizen study.",
      "created_at": "2025-01-15 20:55:54",
      "post": 1,
      "user": 8
    },
    "model": "ccserver.comment",
    "pk": 2
  },
  {
    "fields": {
      "comment_text": "Still never team.",
      "created_at": "2025-03-17 14:42:33",
      "post": 2,
      "user": 4
    },
    "model": "ccserver.comment",
    "pk": 3
  },
  {
    "fields": {
      "comment_text": "Answer exactly return almost your only he.",
      "created_at": "2025-03-24 10:08:26",
      "post": 2,
      "user": 3
    },
    "model": "ccserver.comment",
    "pk": 4
  },
  {
    "fields": {
      "comment_text": "There expect between catch alone.",
      "created_at": "2025-03-27 18:18:52",
      "post": 3,
      "user": 6
    },
    "model": "ccserver.comment",
    "pk": 5
  },
  {
    "fields": {
      "comment_text": "Blood although face quality personal speech owner.",
      "created_at": "2025-04-24 09:11:41",
      "post": 4,
      "user": 4
    },
    "model": "ccserver.comment",
    "pk": 6
  },
  {
    "fields": {
      "comment_text": "Participant which discuss total south purpose something eat.",
      "created_at": "2025-04-23 06:17:10",
      "post": 5,
      "user": 1
    },
    "model": "ccserver.comment",
    "pk": 7
  },
  {
    "fields": {
      "comment_text": "Represent site you site.",
      "created_at": "2025-01-25 22:16:51",
      "post": 5,
      "user": 10
    },
    "model": "ccserver.comment",
    "pk": 8
  },
  {
    "fields": {
      "created_at": "2025-01-28 05:14:50",
      "description": "Information bed plan name land. Avoid best east.",
      "links": "https://www.wilson.info/",
      "title": "Assimilated actuating projection",
      "updated_at": "2025-05-16 16:59:14.079355"
    },
    "model": "ccserver.resource",
    "pk": 1
  },
  {
    "fields": {
      "created_at": "2025-05-02 21:36:22",
      "description": "Challenge both certainly team start require defense. Certainly someone so they mission kitchen. Light daughter meeting truth business.",
      "links": "https://harrison.com/",
      "title": "Innovative uniform info-mediaries",
      "updated_at": "2025-05-16 16:59:14.079632"
    },
    "model": "ccserver.resource",
    "pk": 2
  },
  {
    "fields": {
      "created_at": "2025-03-07 21:30:37",
      "description": "Community go Mr threat population local drop.",
      "links": "https://www.harris.com/",
      "title": "Streamlined zero administration capacity",
      "updated_at": "2025-05-16 16:59:14.079878"
    },
    "model": "ccserver.resource",
    "pk": 3
  },
  {
    "fields": {
      "resource": 1,
      "tag": 75
    },
    "model": "ccserver.resourcetag",
    "pk": null
  },
  {
    "fields": {
      "resource": 2,
      "tag": 8
    },
    "model": "ccserver.resourcetag",
    "pk": null
  },
  {
    "fields": {
      "resource": 2,
      "tag": 66
    },
    "model": "ccserver.resourcetag",
    "pk": null
  },
  {
    "fields": {
      "resource": 3,
      "tag": 85
    },
    "model": "ccserver.resourcetag",
    "pk": null
  },
  {
    "fields": {
      "resource": 3,
      "tag": 69
    },
    "model": "ccserver.resourcetag",
    "pk": null
  }
]
